column,pillar,description,unit,source,vintage,join_method,higher_is,notes
fips,key,5-digit county FIPS (CT = planning regions 09110-09190),code,Census cartographic boundary counties 1:500k (cb_2025_us_county_500k),2025,key,id,
meta_county_name,metadata,County name,text,Census cartographic boundary counties 1:500k (cb_2025_us_county_500k),2025,base layer,id,
meta_state_abbr,metadata,State postal abbreviation,text,Census cartographic boundary counties 1:500k (cb_2025_us_county_500k),2025,base layer,id,
meta_state_fips,metadata,2-digit state FIPS,code,Census cartographic boundary counties 1:500k (cb_2025_us_county_500k),2025,base layer,id,
meta_land_area_km2,metadata,Land area (ALAND),km2,Census cartographic boundary counties 1:500k (cb_2025_us_county_500k),2025,base layer,context,
meta_pop_centroid_lat,metadata,Latitude of 2020 Census center of population,deg,Census 2020 centers of population (county; CT block groups),2020 Census,table join,id,CT planning regions computed from block-group centers
meta_pop_centroid_lon,metadata,Longitude of 2020 Census center of population,deg,Census 2020 centers of population (county; CT block groups),2020 Census,table join,id,
meta_pop_2023,metadata,Total population (ACS 2019-2023 5-year B01003),people,"ACS 5-year estimates 2019-2023: B01003, B17001, B19013, B25040",ACS 2019-2023 5-year,table join,context,
pwr_gen_capacity_mw,power,Operating + standby generator nameplate capacity,MW,EIA-860 Annual Electric Generator Report 2025 (final),2025 final (released 2026-09-10),"points in county (plant lat/lon), sum",better,
pwr_retired_capacity_mw,power,Retired generator nameplate capacity (brownfield grid connections),MW,"EIA-860M Preliminary Monthly Electric Generator Inventory, Retired tab",inventory as of August 2026,"points in county, sum",better,
pwr_dist_retired_plant_km,power,Distance from pop. centroid to nearest retired plant >= 100 MW,km,"EIA-860M Preliminary Monthly Electric Generator Inventory, Retired tab",inventory as of August 2026,nearest distance (EPSG:5070),worse,18 retired plants lack coordinates and are excluded
pwr_hv230_line_km,power,Length of transmission lines >= 230 kV inside the county,km,HIFLD Electric Power Transmission Lines (HIFLD Next mirror),"v1.0.0; source issued/modified {'issued': '2025-02-19', 'modified': '2025-02-19', 'provenance': {'issued': 'inventory', 'modified': 'inventory'}}",line length clipped to county,better,
pwr_dist_hv230_line_km,power,Distance from pop. centroid to nearest >= 230 kV line,km,HIFLD Electric Power Transmission Lines (HIFLD Next mirror),"v1.0.0; source issued/modified {'issued': '2025-02-19', 'modified': '2025-02-19', 'provenance': {'issued': 'inventory', 'modified': 'inventory'}}",nearest distance (EPSG:5070),worse,
pwr_hv345_line_km,power,Length of transmission lines >= 345 kV inside the county,km,HIFLD Electric Power Transmission Lines (HIFLD Next mirror),"v1.0.0; source issued/modified {'issued': '2025-02-19', 'modified': '2025-02-19', 'provenance': {'issued': 'inventory', 'modified': 'inventory'}}",line length clipped to county,better,
pwr_dist_hv345_line_km,power,Distance from pop. centroid to nearest >= 345 kV line,km,HIFLD Electric Power Transmission Lines (HIFLD Next mirror),"v1.0.0; source issued/modified {'issued': '2025-02-19', 'modified': '2025-02-19', 'provenance': {'issued': 'inventory', 'modified': 'inventory'}}",nearest distance (EPSG:5070),worse,
pwr_substations_230kv_n,power,OSM substations with max voltage >= 230 kV,count,"OpenStreetMap power=substation (Overpass API, per state)",Overpass snapshot 2026-10-04 (cached per state),"points in county (way/relation centers), count",better,"Substations without a voltage tag are excluded, so this is a lower bound"
pwr_gas_pipeline_km,power,Length of interstate + intrastate natural gas pipelines in the county,km,Natural Gas Interstate and Intrastate Pipelines (EIA; HIFLD Next mirror),"v1.0.0; source issued/modified {'issued': '2024-06-25', 'modified': '2025-04-08', 'provenance': {'issued': 'inventory', 'modified': 'inventory'}}",line length clipped to county,context,On-site gas generation option vs. carbon
pwr_ind_price_cents_kwh,power,Industrial electricity price of the county's serving utilities,cents/kWh,EIA-861 Annual Electric Power Industry Report (service territory + reliability via Catalyst PUDL stable; sales from raw EIA-861 files),EIA-861 2024 (final); 2020 for price growth; reliability 2020-2024,"utility service territory -> county, sales-weighted",worse,"APPROXIMATION: territory lists counties served, not shares"
pwr_saidi_min,power,"SAIDI without major events, 2020-2024 median, mean of serving utilities",minutes/yr,EIA-861 Annual Electric Power Industry Report (service territory + reliability via Catalyst PUDL stable; sales from raw EIA-861 files),EIA-861 2024 (final); 2020 for price growth; reliability 2020-2024,"utility service territory -> county, mean",worse,IEEE standard; median over the years each utility reported
pwr_saifi,power,"SAIFI without major events, 2020-2024 median, mean of serving utilities",interruptions/yr,EIA-861 Annual Electric Power Industry Report (service territory + reliability via Catalyst PUDL stable; sales from raw EIA-861 files),EIA-861 2024 (final); 2020 for price growth; reliability 2020-2024,"utility service territory -> county, mean",worse,IEEE standard; median over the years each utility reported
pwr_saidi_min_with_me_latest,power,"SAIDI incl. major events, 2024 only, mean of serving utilities",minutes/yr,EIA-861 Annual Electric Power Industry Report (service territory + reliability via Catalyst PUDL stable; sales from raw EIA-861 files),EIA-861 2024 (final); 2020 for price growth; reliability 2020-2024,"utility service territory -> county, mean",worse,Reference only (previous definition)
pwr_saifi_with_me_latest,power,"SAIFI incl. major events, 2024 only, mean of serving utilities",interruptions/yr,EIA-861 Annual Electric Power Industry Report (service territory + reliability via Catalyst PUDL stable; sales from raw EIA-861 files),EIA-861 2024 (final); 2020 for price growth; reliability 2020-2024,"utility service territory -> county, mean",worse,Reference only (previous definition)
pwr_iso,power,ISO/RTO of the county's main utility (NONE = outside an ISO),category,EIA-861 Annual Electric Power Industry Report (service territory + reliability via Catalyst PUDL stable; sales from raw EIA-861 files),EIA-861 2024 (final); 2020 for price growth; reliability 2020-2024,utility service territory -> county,context,
pwr_main_utility_id,power,EIA utility ID of the county's main (largest-sales) utility,id,EIA-861 Annual Electric Power Industry Report (service territory + reliability via Catalyst PUDL stable; sales from raw EIA-861 files),EIA-861 2024 (final); 2020 for price growth; reliability 2020-2024,utility service territory -> county,id,
pwr_time_to_power_yrs,power,"Reported years to energize a large load (utility, else national average)",years,Hand-maintained utility time-to-power CSV (data/manual/utility_time_to_power.csv),as edited,manual CSV via utility-county map,worse,Utilities not accepting new data center load = CSV max + 2 yrs; see pwr_time_to_power_source
pwr_time_to_power_source,power,Basis of pwr_time_to_power_yrs (utility / not_accepting / national / none),category,Hand-maintained utility time-to-power CSV (data/manual/utility_time_to_power.csv),as edited,derived,context,
pwr_gen_queue_median_yrs,power,"Median years from interconnection request to COD for completed generators, by region",years,LBNL Queued Up: U.S. Interconnection Queue Data Through 2025 (Complete Interconnection Request Dataset),"Queued Up 2026 edition, data through end of 2025 (file dated 2026-05)",region via pwr_iso (non-ISO -> LBNL West/Southeast by state),worse,"PROXY for grid congestion from generator queues, NOT a load interconnection wait time. ISO-NE has no data"
crb_grid_co2_kg_mwh,carbon,eGRID subregion annual CO2 total output emission rate,kg CO2/MWh,EPA eGRID2023 rev2 data + eGRID2023 subregion shapefile,"eGRID2023 (data year 2023), revision 2 released June 2025",area-weighted polygon overlay,worse,
crb_lrmer_2035_kg_mwh,carbon,"Long-run marginal CO2e emission rate, Mid-case 2035",kg CO2e/MWh,NREL Cambium 2024 Workbook (LRMER and GEA county mapping),Cambium 2024 (released March 2025; workbook 2025-04-10),GEA region table join (County Mapping tab),worse,18 regions only
crb_cambium_gea,carbon,Cambium generation-and-emission assessment region,category,NREL Cambium 2024 Workbook (LRMER and GEA county mapping),Cambium 2024 (released March 2025; workbook 2025-04-10),table join,context,
crb_clean_gen_mw,carbon,"Operating nuclear, hydro, wind, solar, geothermal capacity",MW,EIA-860 Annual Electric Generator Report 2025 (final),2025 final (released 2026-09-10),"points in county, sum",better,
crb_queue_clean_mw,carbon,"Active interconnection-queue MW of solar, wind, storage, nuclear, geothermal",MW,LBNL Queued Up: U.S. Interconnection Queue Data Through 2025 (Complete Interconnection Request Dataset),"Queued Up 2026 edition, data through end of 2025 (file dated 2026-05)","LBNL county FIPS (name match fallback), sum",better,Multi-county projects credited to first county
crb_solar_cf,carbon,Utility-scale PV mean capacity factor (reference siting),fraction 0-1,2024 County-Level Hourly Renewable Capacity Factor Dataset for the ReEDS Model,"2024 dataset (files dated 2025-03-25; UPV supply curve 2024_07_09, wind 2025_03_21); weather years 2007-2013 + 2016-2023",table join (unweighted mean over resource classes),better,VA independent cities mostly NaN
crb_wind_cf,carbon,Onshore wind mean capacity factor (reference siting),fraction 0-1,2024 County-Level Hourly Renewable Capacity Factor Dataset for the ReEDS Model,"2024 dataset (files dated 2025-03-25; UPV supply curve 2024_07_09, wind 2025_03_21); weather years 2007-2013 + 2016-2023",table join (unweighted mean over resource classes),better,VA independent cities mostly NaN
wtr_bws_score,water,Aqueduct 4.0 baseline water stress score,score 0-5,WRI Aqueduct 4.0 water risk data (baseline annual + future annual),"Aqueduct 4.0, release Y2023M07D05 (baseline 1979-2019; future 2050)",area-weighted polygon overlay,worse,
wtr_bws_2050_score,water,"Aqueduct 4.0 water stress 2050, business-as-usual (SSP3-7.0)",score 0-5,WRI Aqueduct 4.0 water risk data (baseline annual + future annual),"Aqueduct 4.0, release Y2023M07D05 (baseline 1979-2019; future 2050)",area-weighted polygon overlay,worse,
wtr_drought_d2plus_pct_weeks,water,Share of weeks 2000-2025 with any D2-D4 drought,percent 0-100,"US Drought Monitor county statistics (percent area, cumulative)",weekly maps 1/1/2000 to 12/31/2025 (1357 weeks),table join,worse,
wtr_grid_water_l_kwh,water,"Indirect water: power-sector cooling water consumed per kWh, eGRID subregion",L/kWh,EIA-923 2025 final: Schedule 8D cooling water + Page 1 net generation,2025 final (released 2026-09-14); plant->subregion from eGRID2023 PLNT23,area-weighted polygon overlay,worse,
wtr_total_withdrawal_mgd,water,2020 withdrawals: public supply + irrigation + thermoelectric,Mgal/d,USGS National Water Availability Assessment (NWAA) Data Companion - water-use models,"NWDC API v2.1.0, calendar year 2020",HUC12 values split by area share,worse,"NWAA models omit industrial, mining, livestock, aquaculture, domestic self-supply"
wtr_ps_withdrawal_mgd,water,2020 public-supply withdrawals,Mgal/d,USGS National Water Availability Assessment (NWAA) Data Companion - water-use models,"NWDC API v2.1.0, calendar year 2020",HUC12 values split by area share,context,
wtr_irr_withdrawal_mgd,water,2020 crop irrigation withdrawals,Mgal/d,USGS National Water Availability Assessment (NWAA) Data Companion - water-use models,"NWDC API v2.1.0, calendar year 2020",HUC12 values split by area share,context,
wtr_te_withdrawal_mgd,water,2020 thermoelectric withdrawals (fresh + saline),Mgal/d,USGS National Water Availability Assessment (NWAA) Data Companion - water-use models,"NWDC API v2.1.0, calendar year 2020",HUC12 values split by area share,context,
wtr_wwtp_flow_mgd,water,Design flow of wastewater treatment plants (reclaimed-water potential),Mgal/d,EPA Clean Watersheds Needs Survey 2022 - nationwide CSV dataset,2022 CWNS (snapshot as of 2022-01-01); file 2022CWNS_NATIONAL_Sept2026.zip,"facility county field (else point-in-polygon), sum",better,
haz_nri_risk_score,climate_hazard,FEMA National Risk Index composite risk score,score 0-100,"FEMA National Risk Index, county table",NRI_VER = March 2023 (NRI v1.19.0),table join,worse,
haz_eal_riverine_flood,climate_hazard,NRI expected annual loss score: riverine flooding,score 0-100,"FEMA National Risk Index, county table",NRI_VER = March 2023 (NRI v1.19.0),table join,worse,'Not Applicable' set to 0 (NRI's no-loss score); 'Insufficient Data' NaN
haz_eal_coastal_flood,climate_hazard,NRI expected annual loss score: coastal flooding,score 0-100,"FEMA National Risk Index, county table",NRI_VER = March 2023 (NRI v1.19.0),table join,worse,'Not Applicable' set to 0 (NRI's no-loss score); 'Insufficient Data' NaN
haz_eal_hurricane,climate_hazard,NRI expected annual loss score: hurricane,score 0-100,"FEMA National Risk Index, county table",NRI_VER = March 2023 (NRI v1.19.0),table join,worse,'Not Applicable' set to 0 (NRI's no-loss score); 'Insufficient Data' NaN
haz_eal_wildfire,climate_hazard,NRI expected annual loss score: wildfire,score 0-100,"FEMA National Risk Index, county table",NRI_VER = March 2023 (NRI v1.19.0),table join,worse,'Not Applicable' set to 0 (NRI's no-loss score); 'Insufficient Data' NaN
haz_eal_tornado,climate_hazard,NRI expected annual loss score: tornado,score 0-100,"FEMA National Risk Index, county table",NRI_VER = March 2023 (NRI v1.19.0),table join,worse,'Not Applicable' set to 0 (NRI's no-loss score); 'Insufficient Data' NaN
haz_eal_earthquake,climate_hazard,NRI expected annual loss score: earthquake,score 0-100,"FEMA National Risk Index, county table",NRI_VER = March 2023 (NRI v1.19.0),table join,worse,'Not Applicable' set to 0 (NRI's no-loss score); 'Insufficient Data' NaN
haz_eal_heatwave,climate_hazard,NRI expected annual loss score: heat wave,score 0-100,"FEMA National Risk Index, county table",NRI_VER = March 2023 (NRI v1.19.0),table join,worse,'Not Applicable' set to 0 (NRI's no-loss score); 'Insufficient Data' NaN
haz_eal_drought,climate_hazard,NRI expected annual loss score: drought,score 0-100,"FEMA National Risk Index, county table",NRI_VER = March 2023 (NRI v1.19.0),table join,worse,'Not Applicable' set to 0 (NRI's no-loss score); 'Insufficient Data' NaN
haz_eal_coastal_flood_future,climate_hazard,"NRI Future Risk projected risk index score, mid-century lower warming: coastal flooding",score 0-100,FEMA National Risk Index - Future Risk (Climate Informed Risk Index) master datasheet,"Master Datasheet 2024-12-05, data dictionary version 1.0.0 (2024-12-02)",table join,worse,Projected RISK score (no projected EAL score exists); 'Not Applicable' -> 0
haz_eal_drought_future,climate_hazard,"NRI Future Risk projected risk index score, mid-century lower warming: drought",score 0-100,FEMA National Risk Index - Future Risk (Climate Informed Risk Index) master datasheet,"Master Datasheet 2024-12-05, data dictionary version 1.0.0 (2024-12-02)",table join,worse,Projected RISK score (no projected EAL score exists); 'Not Applicable' -> 0
haz_eal_heatwave_future,climate_hazard,"NRI Future Risk projected risk index score, mid-century lower warming: extreme heat (LOCA 95th pct)",score 0-100,FEMA National Risk Index - Future Risk (Climate Informed Risk Index) master datasheet,"Master Datasheet 2024-12-05, data dictionary version 1.0.0 (2024-12-02)",table join,worse,Projected RISK score (no projected EAL score exists); 'Not Applicable' -> 0
haz_eal_hurricane_future,climate_hazard,"NRI Future Risk projected risk index score, mid-century lower warming: hurricane",score 0-100,FEMA National Risk Index - Future Risk (Climate Informed Risk Index) master datasheet,"Master Datasheet 2024-12-05, data dictionary version 1.0.0 (2024-12-02)",table join,worse,Projected RISK score (no projected EAL score exists); 'Not Applicable' -> 0
haz_eal_wildfire_future,climate_hazard,"NRI Future Risk projected risk index score, mid-century lower warming: wildfire",score 0-100,FEMA National Risk Index - Future Risk (Climate Informed Risk Index) master datasheet,"Master Datasheet 2024-12-05, data dictionary version 1.0.0 (2024-12-02)",table join,worse,Projected RISK score (no projected EAL score exists); 'Not Applicable' -> 0
haz_wildfire_risk_to_homes,climate_hazard,Wildfire Risk to Communities: national percentile of risk to homes,percentile 0-100,Wildfire Risk to Communities - county download,2026-04-15 release,table join,worse,
haz_cdd_annual,climate_hazard,"Mean annual cooling degree days, base 65F, 1991-2020",degree-days F,NOAA nClimGrid-Daily county-averaged daily temperature (scaled CSVs),"1991-2020 daily (nClimGrid-Daily v1, scaled county averages)",table join,worse,
haz_days_tmax_gt35c,climate_hazard,"Mean days/yr with Tmax > 35C, 1991-2020",days/yr,NOAA nClimGrid-Daily county-averaged daily temperature (scaled CSVs),"1991-2020 daily (nClimGrid-Daily v1, scaled county averages)",table join,worse,
haz_days_gt95f_2050,climate_hazard,"Projected days/yr with Tmax > 95F, SSP2-4.5 mid-century (LOCA2)",days/yr,CMRA Climate Assessment Data (2025 Version) - Counties layer,CMRA 2025 version (LOCA2 / CMIP6); Census 2019 county geography,table join (2019 counties),worse,
haz_karst_pct,climate_hazard,Share of county on karst-prone carbonate/evaporite/sandstone rock (incl. buried),percent 0-100,"Karst in the United States: a digital map compilation and database (Weary & Doctor, USGS OFR 2014-1156)",2014 (v1.0),polygon coverage,worse,"Pseudokarst (volcanic, piping) excluded"
haz_karst_exposed_pct,climate_hazard,Share of county on karst rock at or near the surface,percent 0-100,"Karst in the United States: a digital map compilation and database (Weary & Doctor, USGS OFR 2014-1156)",2014 (v1.0),polygon coverage,worse,
lnd_pct_developed,land_connectivity,NLCD 2024 developed classes 21-24,percent 0-100,USGS Annual NLCD CONUS Collection 1.1 Land Cover 2024 (30 m),"Land cover year 2024, Collection 1 Version 1 (C1.1)",raster zonal fraction (exactextract),context,
lnd_pct_buildable,land_connectivity,"NLCD 2024 barren, shrub, grassland, pasture (31, 52, 71, 81)",percent 0-100,USGS Annual NLCD CONUS Collection 1.1 Land Cover 2024 (30 m),"Land cover year 2024, Collection 1 Version 1 (C1.1)",raster zonal fraction (exactextract),better,
lnd_pct_wetland,land_connectivity,"NLCD 2024 wetlands (90, 95)",percent 0-100,USGS Annual NLCD CONUS Collection 1.1 Land Cover 2024 (30 m),"Land cover year 2024, Collection 1 Version 1 (C1.1)",raster zonal fraction (exactextract),worse,
lnd_pct_cropland,land_connectivity,NLCD 2024 cultivated crops (82),percent 0-100,USGS Annual NLCD CONUS Collection 1.1 Land Cover 2024 (30 m),"Land cover year 2024, Collection 1 Version 1 (C1.1)",raster zonal fraction (exactextract),context,
lnd_pct_forest,land_connectivity,NLCD 2024 forest (41-43),percent 0-100,USGS Annual NLCD CONUS Collection 1.1 Land Cover 2024 (30 m),"Land cover year 2024, Collection 1 Version 1 (C1.1)",raster zonal fraction (exactextract),worse,
lnd_pct_protected,land_connectivity,PAD-US GAP 1-2 protected area share (overlaps dissolved),percent 0-100,USGS Protected Areas Database of the US (PAD-US) 4.1 - Combined layer,PAD-US 4.1,polygon coverage,worse,
lnd_brownfields_n,land_connectivity,EPA ACRES brownfield sites,count,EPA ACRES Brownfields Project Locations (FRS geospatial KMZ),KML produced by EPA on SEP-04-2026,"points in county, count",better,
lnd_dist_brownfield_km,land_connectivity,Distance from pop. centroid to nearest brownfield,km,EPA ACRES Brownfields Project Locations (FRS geospatial KMZ),KML produced by EPA on SEP-04-2026,nearest distance (EPSG:5070),worse,
lnd_dist_brownfield_or_retired_km,land_connectivity,Distance to nearest brownfield or retired plant >= 100 MW,km,EPA ACRES Brownfields Project Locations (FRS geospatial KMZ),KML produced by EPA on SEP-04-2026,nearest distance (EPSG:5070),worse,
lnd_dist_interstate_km,land_connectivity,Distance from pop. centroid to nearest Interstate,km,"BTS NTAD North American Roads (Interstates, CLASS=1)","NTAD North American Roads, compiled 2020-10-27 (service data last edited 2025-03-31)",nearest distance (EPSG:5070),worse,
lnd_ixp_n,land_connectivity,PeeringDB facilities hosting an internet exchange,count,"PeeringDB public API: fac, ixfac, ix",API snapshot 2026-10-03 (cached),"points in county, count",better,
lnd_colo_fac_n,land_connectivity,All PeeringDB colocation facilities,count,"PeeringDB public API: fac, ixfac, ix",API snapshot 2026-10-03 (cached),"points in county, count",better,
lnd_dist_ixp_km,land_connectivity,Distance from pop. centroid to nearest IX-hosting facility,km,"PeeringDB public API: fac, ixfac, ix",API snapshot 2026-10-03 (cached),nearest distance (EPSG:5070),worse,
lnd_dist_eaf_steel_km,land_connectivity,Distance to nearest operating electric-arc-furnace steel plant,km,Global Energy Monitor - Global Iron and Steel Tracker + Global Cement and Concrete Tracker (via GEM API),"Iron-Steel-March-2026.xlsx (Global Iron and Steel Tracker, March 2026 + quarterly updates); Global Cement and Concrete Tracker, July 2026",nearest distance (EPSG:5070),context,Low-carbon steel supply / heat offtake
lnd_dist_cement_km,land_connectivity,Distance to nearest operating cement plant,km,Global Energy Monitor - Global Iron and Steel Tracker + Global Cement and Concrete Tracker (via GEM API),"Iron-Steel-March-2026.xlsx (Global Iron and Steel Tracker, March 2026 + quarterly updates); Global Cement and Concrete Tracker, July 2026",nearest distance (EPSG:5070),context,
prm_pop_density_km2,permitting_risk,meta_pop_2023 / meta_land_area_km2,people/km2,"ACS 5-year estimates 2019-2023: B01003, B17001, B19013, B25040",ACS 2019-2023 5-year,computed,context,
prm_nonattainment,permitting_risk,1 if any part of the county is in a current NAAQS nonattainment area,0/1,EPA Green Book - nonattainment/maintenance history by county (phistory),"export 2026-09-30, status year 2026",table join,worse,
prm_pct_tribal,permitting_risk,"Share of county area in reservations, trust land, joint-use areas",percent 0-100,Census TIGER/Line 2025 American Indian/Alaska Native/Native Hawaiian Areas,TIGER/Line 2025,polygon coverage,context,Oklahoma Tribal Statistical Areas excluded (see next column)
prm_pct_ok_tribal_stat_area,permitting_risk,Share of county area in Oklahoma Tribal Statistical Areas,percent 0-100,Census TIGER/Line 2025 American Indian/Alaska Native/Native Hawaiian Areas,TIGER/Line 2025,polygon coverage,context,Ambiguous legal status post-McGirt; kept separate
prm_nrhp_n,permitting_risk,National Register of Historic Places listed properties,count,National Register of Historic Places - NRIS_CR_Standards_Public geodatabase,August 2026 release (NRIS extract March 2026),"points in county, count",worse,Restricted sites withheld by NPS: lower bound
prm_price_growth_pct,permitting_risk,"State average retail price change 2020 -> 2024, all sectors",percent,EIA-861 Annual Electric Power Industry Report (service territory + reliability via Catalyst PUDL stable; sales from raw EIA-861 files),EIA-861 2024 (final); 2020 for price growth; reliability 2020-2024,state table join,worse,
prm_moratorium_active,permitting_risk,"1 active county-level moratorium, 0.5 only a city/town/township/tribal one, else 0",0/0.5/1,Hand-maintained CSVs (data/manual/),as edited,manual CSV,worse,status=active rows only
prm_moratorium_proposed,permitting_risk,1 if any moratorium in the county has status=proposed,0/1,Hand-maintained CSVs (data/manual/),as edited,manual CSV,worse,
prm_state_moratorium,permitting_risk,Statewide data center moratorium,0/1,Hand-maintained CSVs (data/manual/),as edited,manual CSV by state,worse,
meta_state_policy_verified,metadata,1 if the state_policy.csv row was researched (0 = template defaults),0/1,Hand-maintained CSVs (data/manual/),as edited,manual CSV by state,context,"Unverified rows carry default moratorium 0, tariff 0, county zoning 1, tax status unknown"
prm_tax_exemption_status,permitting_risk,State data center sales-tax exemption (active/paused/repealed/none),category,Hand-maintained CSVs (data/manual/),as edited,manual CSV by state,context,
prm_large_load_tariff,permitting_risk,State has a large-load tariff in effect,0/1,Hand-maintained CSVs (data/manual/),as edited,manual CSV by state,context,
prm_county_can_zone,permitting_risk,Counties have zoning authority over data centers,0/1,Hand-maintained CSVs (data/manual/),as edited,manual CSV by state,context,
prm_contested_n,permitting_risk,Contested data center projects in the county,count,Hand-maintained CSVs (data/manual/),as edited,manual CSV,worse,
prm_contested_neighbors_n,permitting_risk,Contested projects in Census-adjacent counties,count,Hand-maintained CSVs (data/manual/),as edited,manual CSV + county adjacency,worse,
cob_unemp_rate,community_benefit,Annual average unemployment rate 2024,percent,"BLS Local Area Unemployment Statistics, county annual averages",2024,table join,better,Higher = more benefit from jobs
cob_poverty_pct,community_benefit,Population below poverty (B17001),percent 0-100,"ACS 5-year estimates 2019-2023: B01003, B17001, B19013, B25040",ACS 2019-2023 5-year,table join,better,
cob_median_hh_income,community_benefit,Median household income (B19013),USD (2023),"ACS 5-year estimates 2019-2023: B01003, B17001, B19013, B25040",ACS 2019-2023 5-year,table join,context,
cob_pct_fossil_heat,community_benefit,"Occupied homes heated with gas, LP, or fuel oil (district heat offtake)",percent 0-100,"ACS 5-year estimates 2019-2023: B01003, B17001, B19013, B25040",ACS 2019-2023 5-year,table join,better,
cob_persistent_poverty,community_benefit,"ERS persistent poverty county (>= 20% poverty in 1990, 2000, 2007-11, 2017-21)",0/1,"USDA ERS County Typology Codes, 2025 edition",2025 edition (data as of April 2025),table join,better,ERS codes -1/99 -> NaN; CT from old counties
cob_energy_community,community_benefit,IRA energy community (> 50% of area qualifies),0/1,DOE/NETL IRA Energy Community Data Layers (v2024.1),2024.1 (published 2024-06-07),polygon coverage > 50%,better,2024 NETL release; IRS Notice 2025-31 not reflected
cob_energy_community_pct,community_benefit,Share of county area that is an IRA energy community,percent 0-100,DOE/NETL IRA Energy Community Data Layers (v2024.1),2024.1 (published 2024-06-07),polygon coverage,better,
cob_ghgrp_combustion_facilities_n,community_benefit,GHGRP Subpart C facilities in low-temp-heat industries,count,EPA Greenhouse Gas Reporting Program - data summary spreadsheets,Reporting year 2023 (data as of 2024-08-16),"points in county, count",better,"NAICS 311, 312, 322, 325, 1114; RY2023"
cob_ghgrp_combustion_tco2,community_benefit,Stationary combustion emissions of those facilities,t CO2e/yr,EPA Greenhouse Gas Reporting Program - data summary spreadsheets,Reporting year 2023 (data as of 2024-08-16),"points in county, sum",better,
cob_lowtemp_ind_heat_tbtu,community_benefit,"Process-heating energy, food/beverage/paper (2014)",TBtu/yr,NREL United States County-Level Industrial Energy Use,Energy-use year 2014 (published 2018-09-27),table join,better,PROXY for low-temperature heat demand
cob_hdd_annual,community_benefit,"Mean annual heating degree days, base 65F, 1991-2020",degree-days F,NOAA nClimGrid-Daily county-averaged daily temperature (scaled CSVs),"1991-2020 daily (nClimGrid-Daily v1, scaled county averages)",table join,better,Waste-heat reuse potential
cob_ej_disadvantaged,community_benefit,Share of population in CEJST v2.0 disadvantaged tracts,percent 0-100,"Climate and Economic Justice Screening Tool v2.0, communities list (tracts)","CEJST 2.0 (Dec 2024), 2010 census tracts, ACS 2015-2019 population",tract population sum (2010 tracts),better,Justice40-style benefit targeting; 46102 NaN (no population)
cob_qcew_dc_emp,community_benefit,"Employment in NAICS 518210 (data processing, hosting), 2025 annual average",people,"BLS QCEW annual averages, NAICS 518210, county level (open data API)",2025 annual averages,table join,better,NaN where BLS suppressed; see flag. 0 = no establishments
cob_qcew_dc_emp_suppressed,community_benefit,1 if BLS suppressed the NAICS 518210 county employment,0/1,"BLS QCEW annual averages, NAICS 518210, county level (open data API)",2025 annual averages,table join,context,
lbl_dc_existing_n,label,Existing data centers (PNNL IM3 atlas),count,IM3 Open Source Data Center Atlas (PNNL) - existing data centers,Atlas v1 (2025-06-06); GeoPackage from main branch,"points in county, count",label,
lbl_frontier_ai_dc_n,label,Epoch AI frontier AI data center sites,count,Epoch AI - Frontier Data Centers dataset,download 2026-10-03 (cached),"geocoded points in county, count",label,10 of 77 US sites could not be located
lbl_contested_n,label,Contested data center projects (label copy of prm_contested_n),count,Hand-maintained CSVs (data/manual/),as edited,manual CSV,label,
