utility_name,eia_utility_id,iso,years_to_power_est,mw_basis,as_of_date,basis,source_url,notes
Virginia Electric & Power Co (Dominion),19876,PJM,7,100,2026,published,https://www.constructionowners.com/insights/how-long-it-actually-takes-to-power-a-data-center-in-2026-a-u-s-market-by-market-reality-check,JLL: ~7 yr for 100 MW in Northern Virginia; a Fauquier project cited a 5-yr delay
Arizona Public Service,803,NONE,,100,2025-11,not_accepting,https://www.azfamily.com/2025/11/11/data-centers-continue-push-phoenix-areas-power-grid-limit,APS stopped taking new data center customers; no year figure published. Treat as worst case in scoring
Salt River Project,16572,NONE,,20,2025,unknown,https://srpnet.com/about/data-center-facts,E-67 80% minimum bill; no wait time published
Georgia Power,7140,NONE,,100,2025,unknown,https://www.utilitydive.com/news/georgia-power-large-load-data-centers/806300/,"Large pipeline, mostly speculative; no wait time published"
Ohio Power Co (AEP Ohio),14006,PJM,,25,2025,unknown,https://www.powermag.com/regulator-approves-aep-ohios-landmark-data-center-tariff/,85% minimum-demand tariff; 180-day notice; no wait time published
PUD No 1 of Cowlitz County,4442,NONE,6,100,2026,constrained_judgment,,BPA load requests ~65 GW vs 11-12 GW typical; Cowlitz PUD says BPA cannot process its transmission queue in time; no published wait time. Judgment value between national 4 and Dominion 7.
PUD No 1 of Clark County - (WA),3660,NONE,6,100,2026,constrained_judgment,,BPA load requests ~65 GW vs 11-12 GW typical; Cowlitz PUD says BPA cannot process its transmission queue in time; no published wait time. Judgment value between national 4 and Dominion 7.
PUD No 1 of Benton County,1579,NONE,6,100,2026,constrained_judgment,,BPA load requests ~65 GW vs 11-12 GW typical; Cowlitz PUD says BPA cannot process its transmission queue in time; no published wait time. Judgment value between national 4 and Dominion 7.
PUD No 1 of Franklin County,6716,NONE,6,100,2026,constrained_judgment,,BPA load requests ~65 GW vs 11-12 GW typical; Cowlitz PUD says BPA cannot process its transmission queue in time; no published wait time. Judgment value between national 4 and Dominion 7.
Puget Sound Energy Inc,15500,NONE,6,100,2026,constrained_judgment,,BPA load requests ~65 GW vs 11-12 GW typical; Cowlitz PUD says BPA cannot process its transmission queue in time; no published wait time. Judgment value between national 4 and Dominion 7.
City of Tacoma - (WA),18429,NONE,6,100,2026,constrained_judgment,,BPA load requests ~65 GW vs 11-12 GW typical; Cowlitz PUD says BPA cannot process its transmission queue in time; no published wait time. Judgment value between national 4 and Dominion 7.
PUD No 1 of Snohomish County,17470,NONE,6,100,2026,constrained_judgment,,BPA load requests ~65 GW vs 11-12 GW typical; Cowlitz PUD says BPA cannot process its transmission queue in time; no published wait time. Judgment value between national 4 and Dominion 7.
Portland General Electric,15248,NONE,6,100,2026,constrained_judgment,https://katu.com/news/local/hillsboro-pauses-new-ai-data-centers-whats-next-over-the-next-120-days-portland-oregon-big-tech-green-environment-climate-change-water-local-community-utilities-money,BPA load requests ~65 GW vs 11-12 GW typical; Cowlitz PUD says BPA cannot process its transmission queue in time; no published wait time. Judgment value between national 4 and Dominion 7. Hillsboro paused applications Jul 2026.
NATIONAL AVERAGE,,ALL,4,100,2026,published,https://www.constructionowners.com/insights/how-long-it-actually-takes-to-power-a-data-center-in-2026-a-u-s-market-by-market-reality-check,JLL national average ~4 yr; use as fallback only
