metric,Cowlitz WA,Linn IA,Mayes OK,Loudoun VA,median_survivors
crb_lrmer_2035_kg_mwh,24.88565,141.78634000000002,104.60770000000001,262.13903999999997,141.78634000000002
crb_grid_co2_kg_mwh,286.55017586195004,417.36394740810005,395.55159751954,269.2123151387258,395.38582141731047
wtr_grid_water_l_kwh,0.5703151897308323,0.6104046838474424,0.9567054602382035,0.5284223541083896,0.832288683647583
wtr_bws_score,0.0,1.4630945478002824,0.023261734080761605,0.3058633726369786,1.799353757479352
wtr_bws_2050_score,0.0,1.8330460453798896,0.03661383520875338,0.599266699008563,2.001377580959486
haz_cdd_annual,164.02079999999998,754.7135999999999,1812.8868,1076.9924,1128.2472
haz_days_gt95f_2050,2.450682282447815,17.964624055226643,59.38159255981445,20.546621131896973,26.535746574401855
cob_hdd_annual,5609.4148,6862.0132,3658.6222,4775.357999999999,4728.4896
pwr_dist_hv230_line_km,1.916440367276135,9.692058010311026,0.39916722040364316,2.1078053781639814,9.122050694176098
lnd_dist_brownfield_or_retired_km,1.5465511401888072,2.1770897543417105,6.190447802737663,9.936635269738721,7.967680357319263
cob_lowtemp_ind_heat_tbtu,1.3548097321751429,7.902301190568991,1.2115286120041973,0.056307764403232395,0.008635639964119575
cob_ghgrp_combustion_facilities_n,4.0,6.0,3.0,0.0,0.0
prm_pop_density_km2,37.73777402832982,123.5628599781393,23.21705618343361,319.7255493767376,18.79165860818738
prm_contested_total,0.0,0.0,0.0,5.0,0.0
