fips,county,state,final_score,rank,power,carbon,water,permission,hazard,land,cobenefit,flag_veto,veto_pillar,flag_sparse_power,flag_sparse_carbon,flag_sparse_water,flag_sparse_permission,flag_sparse_hazard,flag_sparse_land,flag_sparse_cobenefit,strongest_1,strongest_2,strongest_3,weakest_1,weakest_2,weakest_3
53015,Cowlitz County,WA,0.6747539059157706,1,0.6684518786751422,0.5948615969397573,0.8427030343994456,0.8111138196836712,0.6973581712019291,0.7328145958592759,0.4185684833258869,0,,0,0,0,0,0,0,0,prm_contested_total,wtr_bws_2050_score,haz_karst_exposed_pct,crb_clean_gen_mw,cob_persistent_poverty,haz_alr_earthquake
53073,Whatcom County,WA,0.6698051615393527,2,0.6176323012879205,0.672405720103645,0.8459436821160213,0.8348623879479032,0.7182864795541317,0.7508560678846085,0.3348524426439942,0,,0,0,0,0,0,0,0,prm_contested_total,wtr_bws_score,prm_moratorium_active,cob_ghgrp_combustion_facilities_n,cob_persistent_poverty,pwr_dist_retired_plant_km
53005,Benton County,WA,0.665859359830734,3,0.64327999260092,0.7705755398104451,0.7624837445701633,0.7899710241567454,0.6402195482403142,0.6797460820115658,0.35533609636208463,0,,0,0,0,0,0,0,0,prm_pct_tribal,wtr_bws_2050_score,prm_moratorium_active,cob_persistent_poverty,haz_alr_earthquake,haz_alr_wildfire
19113,Linn County,IA,0.6646943999391806,4,0.7624755382150663,0.5619692873585462,0.728465859075029,0.7900334237283171,0.6484792199511553,0.7291497635713583,0.417874369068845,0,,0,0,0,0,0,0,0,cob_lowtemp_ind_heat_tbtu,haz_karst_exposed_pct,prm_moratorium_proposed,cob_persistent_poverty,cob_energy_community,haz_alr_riverine_flood
40097,Mayes County,OK,0.6641006355015576,5,0.8337424848799514,0.6417080876037732,0.6824785717973252,0.8553120535037287,0.3900881214791568,0.751906794277187,0.42287696639834,0,,0,0,0,0,0,0,0,prm_moratorium_proposed,cob_energy_community,lnd_pct_buildable,cob_persistent_poverty,haz_alr_tornado,cob_unemp_rate
53053,Pierce County,WA,0.6622774564393349,6,0.7633988679736958,0.6393649526223852,0.8797339230212865,0.8041587882052659,0.7259938464892187,0.8022121228356541,0.18977396048757147,0,,0,0,0,0,0,0,0,prm_contested_total,haz_karst_exposed_pct,prm_moratorium_active,cob_energy_community,cob_persistent_poverty,crb_wind_cf
17161,Rock Island County,IL,0.660698539066066,7,0.8003570906788194,0.5932385757745355,0.6697060318613243,0.7118467686470564,0.7616755215765479,0.8385966464269057,0.3149684177314168,0,,0,0,0,0,0,0,0,prm_pct_tribal,prm_moratorium_active,prm_moratorium_proposed,cob_persistent_poverty,cob_energy_community,cob_lowtemp_ind_heat_tbtu
48113,Dallas County,TX,0.6599027158374244,8,0.8580736995343834,0.661533804153309,0.6075762900065869,0.7008867266268349,0.5289161473050377,0.819718914061617,0.38293637464379376,0,,0,0,0,0,0,0,0,prm_contested_total,wtr_wwtp_flow_mgd,prm_moratorium_active,cob_persistent_poverty,prm_nonattainment,prm_pop_density_km2
26025,Calhoun County,MI,0.6527755026207307,9,0.6594570912942829,0.5694538002779461,0.6351933442711519,0.7903471624858449,0.7475135431500818,0.6908412154127587,0.5266471418325408,0,,0,0,0,0,0,0,0,prm_nonattainment,haz_karst_exposed_pct,cob_energy_community,cob_persistent_poverty,lnd_pct_buildable,wtr_grid_water_l_kwh
41051,Multnomah County,OR,0.651565504090047,10,0.7184090266406561,0.717102684201355,0.8804797138329905,0.7477525221412984,0.7525565493159971,0.7158800919456715,0.18047672583224683,0,,0,0,0,0,0,0,0,prm_nonattainment,wtr_wwtp_flow_mgd,haz_karst_exposed_pct,cob_ghgrp_combustion_facilities_n,cob_persistent_poverty,cob_energy_community
